{"cameraMode":{"drawMode":0,"name":"Shaded","section":"Shading Mode"},"sceneLighting":true,"audioPlay":false,"sceneViewState":{"m_AlwaysRefresh":false,"showFog":true,"showSkybox":true,"showFlares":true,"showImageEffects":true,"showParticleSystems":true,"showVisualEffectGraphs":true,"m_FxEnabled":true},"in2DMode":false,"pivot":{"x":-4.749966144561768,"y":3.5184192657470705,"z":-0.09204483032226563},"rotation":{"x":-0.06452535837888718,"y":0.08581085503101349,"z":-0.005566519685089588,"w":-0.9942148923873901},"size":8.61390209197998,"orthographic":false}